id;bc;COP_f_type;COP_f_start;COP_f_stop;COP_f_init;COP_f_final
HeatPump-bc00-s0-000;0;0;0;0;0;0.0
HeatPump-bc00-s1-000;0;2;485;672;0;0.16
HeatPump-bc00-s1-001;0;1;502;672;0;0.48
HeatPump-bc00-s1-002;0;1;43;672;0;0.7
HeatPump-bc00-s1-003;0;1;198;672;0;0.35
HeatPump-bc00-s1-004;0;2;71;672;0;0.11
HeatPump-bc00-s1-005;0;2;360;672;0;0.42
HeatPump-bc00-s1-006;0;2;172;672;0;0.07
HeatPump-bc00-s1-007;0;2;341;672;0;0.18
HeatPump-bc00-s1-008;0;1;432;672;0;0.18
HeatPump-bc00-s1-009;0;2;41;672;0;0.12
HeatPump-bc00-s1-010;0;2;93;672;0;0.1
HeatPump-bc00-s1-011;0;1;43;672;0;0.48
HeatPump-bc00-s1-012;0;1;531;672;0;0.38
HeatPump-bc00-s1-013;0;2;237;672;0;0.34
HeatPump-bc00-s1-014;0;1;136;672;0;0.11
HeatPump-bc00-s1-015;0;1;63;672;0;0.02
HeatPump-bc00-s1-016;0;1;521;672;0;0.24
HeatPump-bc00-s1-017;0;1;7;672;0;0.27
HeatPump-bc00-s1-018;0;2;626;672;0;0.28
HeatPump-bc00-s1-019;0;2;116;672;0;0.49
HeatPump-bc00-s1-020;0;2;169;672;0;0.03
HeatPump-bc00-s1-021;0;1;463;672;0;0.84
HeatPump-bc00-s1-022;0;1;392;672;0;0.03
HeatPump-bc00-s1-023;0;1;663;672;0;0.17
HeatPump-bc00-s1-024;0;2;654;672;0;0.17
HeatPump-bc00-s1-025;0;1;192;672;0;0.3
HeatPump-bc00-s1-026;0;1;187;672;0;0.1
HeatPump-bc00-s1-027;0;1;661;672;0;0.36
HeatPump-bc00-s1-028;0;1;352;672;0;0.63
HeatPump-bc00-s1-029;0;2;659;672;0;0.09
HeatPump-bc00-s1-030;0;2;127;672;0;0.05
HeatPump-bc00-s1-031;0;2;257;672;0;0.16
HeatPump-bc00-s1-032;0;1;20;672;0;0.4
HeatPump-bc00-s1-033;0;1;640;672;0;0.15
HeatPump-bc00-s1-034;0;2;109;672;0;0.54
HeatPump-bc00-s1-035;0;1;334;672;0;0.35
HeatPump-bc00-s1-036;0;2;389;672;0;0.53
HeatPump-bc00-s1-037;0;2;624;672;0;0.21
HeatPump-bc00-s1-038;0;1;147;672;0;0.58
HeatPump-bc00-s1-039;0;2;42;672;0;0.24
HeatPump-bc00-s1-040;0;1;270;672;0;0.22
HeatPump-bc00-s1-041;0;2;355;672;0;0.11
HeatPump-bc00-s1-042;0;2;535;672;0;0.04
HeatPump-bc00-s1-043;0;2;230;672;0;0.54
HeatPump-bc00-s1-044;0;1;487;672;0;0.08
HeatPump-bc00-s1-045;0;2;382;672;0;0.03
HeatPump-bc00-s1-046;0;2;247;672;0;0.37
HeatPump-bc00-s1-047;0;2;438;672;0;0.07
HeatPump-bc00-s1-048;0;1;152;672;0;0.57
HeatPump-bc00-s1-049;0;2;430;672;0;0.17
HeatPump-bc00-s1-050;0;1;154;672;0;0.07
HeatPump-bc00-s1-051;0;1;576;672;0;0.14
HeatPump-bc00-s1-052;0;1;302;672;0;0.14
HeatPump-bc00-s1-053;0;2;470;672;0;0.46
HeatPump-bc00-s1-054;0;1;305;672;0;0.18
HeatPump-bc00-s1-055;0;1;1;672;0;0.17
HeatPump-bc00-s1-056;0;1;212;672;0;0.49
HeatPump-bc00-s1-057;0;2;11;672;0;0.38
HeatPump-bc00-s1-058;0;2;55;672;0;0.2
HeatPump-bc00-s1-059;0;2;25;672;0;0.12
HeatPump-bc00-s1-060;0;2;132;672;0;0.01
HeatPump-bc00-s1-061;0;1;86;672;0;0.21
HeatPump-bc00-s1-062;0;1;263;672;0;0.18
HeatPump-bc00-s1-063;0;2;323;672;0;0.09
HeatPump-bc00-s1-064;0;2;341;672;0;0.02
HeatPump-bc00-s1-065;0;1;403;672;0;0.14
HeatPump-bc00-s1-066;0;1;664;672;0;0.47
HeatPump-bc00-s1-067;0;2;44;672;0;0.03
HeatPump-bc00-s1-068;0;2;244;672;0;0.47
HeatPump-bc00-s1-069;0;1;387;672;0;0.28
HeatPump-bc00-s1-070;0;2;523;672;0;0.25
HeatPump-bc00-s1-071;0;1;663;672;0;0.13
HeatPump-bc00-s1-072;0;1;37;672;0;0.13
HeatPump-bc00-s1-073;0;2;471;672;0;0.03
HeatPump-bc00-s1-074;0;1;469;672;0;0.36
HeatPump-bc00-s1-075;0;1;278;672;0;0.03
HeatPump-bc00-s1-076;0;1;357;672;0;0.2
HeatPump-bc00-s1-077;0;2;58;672;0;0.12
HeatPump-bc00-s1-078;0;1;554;672;0;0.08
HeatPump-bc00-s1-079;0;2;656;672;0;0.12
HeatPump-bc00-s1-080;0;2;46;672;0;0.37
HeatPump-bc00-s1-081;0;1;159;672;0;0.14
HeatPump-bc00-s1-082;0;1;519;672;0;0.26
HeatPump-bc00-s1-083;0;2;496;672;0;0.31
HeatPump-bc00-s1-084;0;2;525;672;0;0.26
HeatPump-bc00-s1-085;0;2;616;672;0;0.42
HeatPump-bc00-s1-086;0;2;494;672;0;0.04
HeatPump-bc00-s1-087;0;2;294;672;0;0.14
HeatPump-bc00-s1-088;0;1;640;672;0;0.31
HeatPump-bc00-s1-089;0;1;62;672;0;0.26
HeatPump-bc00-s1-090;0;2;508;672;0;0.26
HeatPump-bc00-s1-091;0;1;642;672;0;0.19
HeatPump-bc00-s1-092;0;1;373;672;0;0.63
HeatPump-bc00-s1-093;0;1;613;672;0;0.46
HeatPump-bc00-s1-094;0;2;288;672;0;0.02
HeatPump-bc00-s1-095;0;2;367;672;0;0.61
HeatPump-bc00-s1-096;0;2;559;672;0;0.16
HeatPump-bc00-s1-097;0;2;278;672;0;0.0
HeatPump-bc00-s1-098;0;1;534;672;0;0.42
HeatPump-bc00-s1-099;0;2;610;672;0;0.54
HeatPump-bc01-s0-000;1;0;0;0;0;0.0
HeatPump-bc01-s1-000;1;1;238;672;0;0.37
HeatPump-bc01-s1-001;1;2;296;672;0;0.74
HeatPump-bc01-s1-002;1;1;597;672;0;0.16
HeatPump-bc01-s1-003;1;2;425;672;0;0.28
HeatPump-bc01-s1-004;1;1;297;672;0;0.62
HeatPump-bc01-s1-005;1;1;263;672;0;0.39
HeatPump-bc01-s1-006;1;1;607;672;0;0.27
HeatPump-bc01-s1-007;1;1;498;672;0;0.33
HeatPump-bc01-s1-008;1;2;72;672;0;0.09
HeatPump-bc01-s1-009;1;1;139;672;0;0.4
HeatPump-bc01-s1-010;1;1;398;672;0;0.45
HeatPump-bc01-s1-011;1;1;590;672;0;0.39
HeatPump-bc01-s1-012;1;1;288;672;0;0.52
HeatPump-bc01-s1-013;1;2;622;672;0;0.16
HeatPump-bc01-s1-014;1;2;257;672;0;0.11
HeatPump-bc01-s1-015;1;2;502;672;0;0.5
HeatPump-bc01-s1-016;1;2;602;672;0;0.62
HeatPump-bc01-s1-017;1;1;624;672;0;0.38
HeatPump-bc01-s1-018;1;1;650;672;0;0.34
HeatPump-bc01-s1-019;1;2;213;672;0;0.13
HeatPump-bc01-s1-020;1;1;609;672;0;0.28
HeatPump-bc01-s1-021;1;2;110;672;0;0.28
HeatPump-bc01-s1-022;1;1;488;672;0;0.49
HeatPump-bc01-s1-023;1;2;288;672;0;0.55
HeatPump-bc01-s1-024;1;2;13;672;0;0.4
HeatPump-bc01-s1-025;1;1;630;672;0;0.52
HeatPump-bc01-s1-026;1;1;284;672;0;0.42
HeatPump-bc01-s1-027;1;1;252;672;0;0.11
HeatPump-bc01-s1-028;1;2;410;672;0;0.22
HeatPump-bc01-s1-029;1;2;408;672;0;0.42
HeatPump-bc01-s1-030;1;2;535;672;0;0.04
HeatPump-bc01-s1-031;1;2;669;672;0;0.59
HeatPump-bc01-s1-032;1;1;72;672;0;0.47
HeatPump-bc01-s1-033;1;2;256;672;0;0.14
HeatPump-bc01-s1-034;1;2;52;672;0;0.39
HeatPump-bc01-s1-035;1;2;391;672;0;0.01
HeatPump-bc01-s1-036;1;1;113;672;0;0.28
HeatPump-bc01-s1-037;1;2;83;672;0;0.07
HeatPump-bc01-s1-038;1;1;172;672;0;0.08
HeatPump-bc01-s1-039;1;2;544;672;0;0.09
HeatPump-bc01-s1-040;1;1;560;672;0;0.11
HeatPump-bc01-s1-041;1;1;521;672;0;0.17
HeatPump-bc01-s1-042;1;1;262;672;0;0.37
HeatPump-bc01-s1-043;1;1;642;672;0;0.04
HeatPump-bc01-s1-044;1;1;514;672;0;0.45
HeatPump-bc01-s1-045;1;2;320;672;0;0.32
HeatPump-bc01-s1-046;1;1;643;672;0;0.07
HeatPump-bc01-s1-047;1;1;221;672;0;0.02
HeatPump-bc01-s1-048;1;1;227;672;0;0.01
HeatPump-bc01-s1-049;1;2;58;672;0;0.15
HeatPump-bc01-s1-050;1;1;72;672;0;0.15
HeatPump-bc01-s1-051;1;1;33;672;0;0.15
HeatPump-bc01-s1-052;1;1;403;672;0;0.3
HeatPump-bc01-s1-053;1;2;216;672;0;0.13
HeatPump-bc01-s1-054;1;2;527;672;0;0.14
HeatPump-bc01-s1-055;1;1;272;672;0;0.07
HeatPump-bc01-s1-056;1;1;139;672;0;0.6
HeatPump-bc01-s1-057;1;1;648;672;0;0.23
HeatPump-bc01-s1-058;1;1;5;672;0;0.2
HeatPump-bc01-s1-059;1;1;505;672;0;0.38
HeatPump-bc01-s1-060;1;1;583;672;0;0.06
HeatPump-bc01-s1-061;1;1;51;672;0;0.29
HeatPump-bc01-s1-062;1;1;517;672;0;0.22
HeatPump-bc01-s1-063;1;2;363;672;0;0.51
HeatPump-bc01-s1-064;1;2;666;672;0;0.08
HeatPump-bc01-s1-065;1;2;587;672;0;0.08
HeatPump-bc01-s1-066;1;1;571;672;0;0.19
HeatPump-bc01-s1-067;1;1;437;672;0;0.37
HeatPump-bc01-s1-068;1;1;480;672;0;0.39
HeatPump-bc01-s1-069;1;1;467;672;0;0.01
HeatPump-bc01-s1-070;1;1;524;672;0;0.41
HeatPump-bc01-s1-071;1;1;450;672;0;0.1
HeatPump-bc01-s1-072;1;2;197;672;0;0.58
HeatPump-bc01-s1-073;1;2;13;672;0;0.27
HeatPump-bc01-s1-074;1;1;103;672;0;0.18
HeatPump-bc01-s1-075;1;2;34;672;0;0.28
HeatPump-bc01-s1-076;1;2;643;672;0;0.47
HeatPump-bc01-s1-077;1;1;469;672;0;0.03
HeatPump-bc01-s1-078;1;1;602;672;0;0.4
HeatPump-bc01-s1-079;1;2;521;672;0;0.35
HeatPump-bc01-s1-080;1;1;605;672;0;0.27
HeatPump-bc01-s1-081;1;2;279;672;0;0.39
HeatPump-bc01-s1-082;1;1;276;672;0;0.0
HeatPump-bc01-s1-083;1;2;149;672;0;0.3
HeatPump-bc01-s1-084;1;2;71;672;0;0.35
HeatPump-bc01-s1-085;1;1;440;672;0;0.42
HeatPump-bc01-s1-086;1;1;9;672;0;0.42
HeatPump-bc01-s1-087;1;2;143;672;0;0.36
HeatPump-bc01-s1-088;1;1;471;672;0;0.19
HeatPump-bc01-s1-089;1;1;246;672;0;0.44
HeatPump-bc01-s1-090;1;2;131;672;0;0.36
HeatPump-bc01-s1-091;1;1;202;672;0;0.39
HeatPump-bc01-s1-092;1;1;407;672;0;0.59
HeatPump-bc01-s1-093;1;1;604;672;0;0.14
HeatPump-bc01-s1-094;1;1;11;672;0;0.1
HeatPump-bc01-s1-095;1;1;341;672;0;0.35
HeatPump-bc01-s1-096;1;1;524;672;0;0.39
HeatPump-bc01-s1-097;1;1;584;672;0;0.15
HeatPump-bc01-s1-098;1;2;664;672;0;0.08
HeatPump-bc01-s1-099;1;2;210;672;0;0.62
HeatPump-bc02-s0-000;2;0;0;0;0;0.0
HeatPump-bc02-s1-000;2;2;157;672;0;0.12
HeatPump-bc02-s1-001;2;1;572;672;0;0.31
HeatPump-bc02-s1-002;2;2;606;672;0;0.17
HeatPump-bc02-s1-003;2;2;533;672;0;0.17
HeatPump-bc02-s1-004;2;1;374;672;0;0.03
HeatPump-bc02-s1-005;2;1;608;672;0;0.37
HeatPump-bc02-s1-006;2;1;75;672;0;0.24
HeatPump-bc02-s1-007;2;1;496;672;0;0.07
HeatPump-bc02-s1-008;2;1;252;672;0;0.36
HeatPump-bc02-s1-009;2;2;616;672;0;0.26
HeatPump-bc02-s1-010;2;1;50;672;0;0.07
HeatPump-bc02-s1-011;2;2;331;672;0;0.25
HeatPump-bc02-s1-012;2;2;442;672;0;0.03
HeatPump-bc02-s1-013;2;2;565;672;0;0.13
HeatPump-bc02-s1-014;2;1;476;672;0;0.28
HeatPump-bc02-s1-015;2;2;79;672;0;0.17
HeatPump-bc02-s1-016;2;2;256;672;0;0.32
HeatPump-bc02-s1-017;2;1;139;672;0;0.21
HeatPump-bc02-s1-018;2;2;504;672;0;0.48
HeatPump-bc02-s1-019;2;2;20;672;0;0.44
HeatPump-bc02-s1-020;2;1;549;672;0;0.33
HeatPump-bc02-s1-021;2;2;359;672;0;0.41
HeatPump-bc02-s1-022;2;2;9;672;0;0.2
HeatPump-bc02-s1-023;2;1;159;672;0;0.11
HeatPump-bc02-s1-024;2;2;171;672;0;0.31
HeatPump-bc02-s1-025;2;1;91;672;0;0.23
HeatPump-bc02-s1-026;2;1;444;672;0;0.04
HeatPump-bc02-s1-027;2;2;60;672;0;0.48
HeatPump-bc02-s1-028;2;2;257;672;0;0.2
HeatPump-bc02-s1-029;2;2;205;672;0;0.13
HeatPump-bc02-s1-030;2;2;583;672;0;0.23
HeatPump-bc02-s1-031;2;1;367;672;0;0.25
HeatPump-bc02-s1-032;2;1;100;672;0;0.24
HeatPump-bc02-s1-033;2;1;578;672;0;0.06
HeatPump-bc02-s1-034;2;2;418;672;0;0.08
HeatPump-bc02-s1-035;2;1;529;672;0;0.52
HeatPump-bc02-s1-036;2;2;603;672;0;0.06
HeatPump-bc02-s1-037;2;2;223;672;0;0.31
HeatPump-bc02-s1-038;2;1;340;672;0;0.21
HeatPump-bc02-s1-039;2;2;420;672;0;0.63
HeatPump-bc02-s1-040;2;2;524;672;0;0.23
HeatPump-bc02-s1-041;2;1;79;672;0;0.01
HeatPump-bc02-s1-042;2;2;74;672;0;0.52
HeatPump-bc02-s1-043;2;2;210;672;0;0.17
HeatPump-bc02-s1-044;2;1;171;672;0;0.04
HeatPump-bc02-s1-045;2;1;333;672;0;0.42
HeatPump-bc02-s1-046;2;1;192;672;0;0.07
HeatPump-bc02-s1-047;2;1;69;672;0;0.32
HeatPump-bc02-s1-048;2;1;618;672;0;0.33
HeatPump-bc02-s1-049;2;2;512;672;0;0.27
HeatPump-bc02-s1-050;2;1;267;672;0;0.08
HeatPump-bc02-s1-051;2;1;415;672;0;0.01
HeatPump-bc02-s1-052;2;2;164;672;0;0.37
HeatPump-bc02-s1-053;2;1;455;672;0;0.27
HeatPump-bc02-s1-054;2;2;74;672;0;0.09
HeatPump-bc02-s1-055;2;2;536;672;0;0.32
HeatPump-bc02-s1-056;2;1;70;672;0;0.47
HeatPump-bc02-s1-057;2;1;402;672;0;0.07
HeatPump-bc02-s1-058;2;2;552;672;0;0.6
HeatPump-bc02-s1-059;2;1;146;672;0;0.18
HeatPump-bc02-s1-060;2;2;506;672;0;0.03
HeatPump-bc02-s1-061;2;1;344;672;0;0.07
HeatPump-bc02-s1-062;2;1;43;672;0;0.41
HeatPump-bc02-s1-063;2;1;542;672;0;0.39
HeatPump-bc02-s1-064;2;2;303;672;0;0.15
HeatPump-bc02-s1-065;2;1;468;672;0;0.09
HeatPump-bc02-s1-066;2;1;500;672;0;0.78
HeatPump-bc02-s1-067;2;1;148;672;0;0.09
HeatPump-bc02-s1-068;2;1;11;672;0;0.32
HeatPump-bc02-s1-069;2;1;658;672;0;0.11
HeatPump-bc02-s1-070;2;2;568;672;0;0.12
HeatPump-bc02-s1-071;2;2;626;672;0;0.18
HeatPump-bc02-s1-072;2;2;31;672;0;0.13
HeatPump-bc02-s1-073;2;2;448;672;0;0.51
HeatPump-bc02-s1-074;2;1;405;672;0;0.24
HeatPump-bc02-s1-075;2;2;329;672;0;0.21
HeatPump-bc02-s1-076;2;1;435;672;0;0.3
HeatPump-bc02-s1-077;2;1;101;672;0;0.25
HeatPump-bc02-s1-078;2;1;204;672;0;0.16
HeatPump-bc02-s1-079;2;2;121;672;0;0.03
HeatPump-bc02-s1-080;2;1;316;672;0;0.45
HeatPump-bc02-s1-081;2;1;253;672;0;0.2
HeatPump-bc02-s1-082;2;2;638;672;0;0.21
HeatPump-bc02-s1-083;2;1;662;672;0;0.12
HeatPump-bc02-s1-084;2;2;135;672;0;0.39
HeatPump-bc02-s1-085;2;1;389;672;0;0.36
HeatPump-bc02-s1-086;2;2;431;672;0;0.68
HeatPump-bc02-s1-087;2;1;298;672;0;0.43
HeatPump-bc02-s1-088;2;2;230;672;0;0.18
HeatPump-bc02-s1-089;2;2;558;672;0;0.05
HeatPump-bc02-s1-090;2;2;508;672;0;0.11
HeatPump-bc02-s1-091;2;2;96;672;0;0.01
HeatPump-bc02-s1-092;2;2;163;672;0;0.55
HeatPump-bc02-s1-093;2;2;586;672;0;0.09
HeatPump-bc02-s1-094;2;1;671;672;0;0.16
HeatPump-bc02-s1-095;2;1;185;672;0;0.1
HeatPump-bc02-s1-096;2;1;8;672;0;0.25
HeatPump-bc02-s1-097;2;2;81;672;0;0.32
HeatPump-bc02-s1-098;2;1;307;672;0;0.11
HeatPump-bc02-s1-099;2;2;627;672;0;0.08
HeatPump-bc03-s0-000;3;0;0;0;0;0.0
HeatPump-bc03-s1-000;3;2;196;672;0;0.1
HeatPump-bc03-s1-001;3;1;142;672;0;0.58
HeatPump-bc03-s1-002;3;2;553;672;0;0.93
HeatPump-bc03-s1-003;3;1;26;672;0;0.01
HeatPump-bc03-s1-004;3;2;316;672;0;0.23
HeatPump-bc03-s1-005;3;1;372;672;0;0.08
HeatPump-bc03-s1-006;3;1;430;672;0;0.05
HeatPump-bc03-s1-007;3;1;664;672;0;0.08
HeatPump-bc03-s1-008;3;1;624;672;0;0.18
HeatPump-bc03-s1-009;3;1;306;672;0;0.52
HeatPump-bc03-s1-010;3;1;430;672;0;0.36
HeatPump-bc03-s1-011;3;1;626;672;0;0.25
HeatPump-bc03-s1-012;3;2;546;672;0;0.17
HeatPump-bc03-s1-013;3;1;545;672;0;0.12
HeatPump-bc03-s1-014;3;2;379;672;0;0.34
HeatPump-bc03-s1-015;3;2;116;672;0;0.6
HeatPump-bc03-s1-016;3;1;126;672;0;0.05
HeatPump-bc03-s1-017;3;2;185;672;0;0.09
HeatPump-bc03-s1-018;3;2;258;672;0;0.44
HeatPump-bc03-s1-019;3;1;311;672;0;0.22
HeatPump-bc03-s1-020;3;1;12;672;0;0.05
HeatPump-bc03-s1-021;3;1;218;672;0;0.28
HeatPump-bc03-s1-022;3;1;235;672;0;0.53
HeatPump-bc03-s1-023;3;1;450;672;0;0.37
HeatPump-bc03-s1-024;3;2;157;672;0;0.08
HeatPump-bc03-s1-025;3;1;550;672;0;0.5
HeatPump-bc03-s1-026;3;2;511;672;0;0.32
HeatPump-bc03-s1-027;3;2;321;672;0;0.34
HeatPump-bc03-s1-028;3;1;316;672;0;0.07
HeatPump-bc03-s1-029;3;2;274;672;0;0.34
HeatPump-bc03-s1-030;3;2;271;672;0;0.09
HeatPump-bc03-s1-031;3;1;46;672;0;0.18
HeatPump-bc03-s1-032;3;1;640;672;0;0.01
HeatPump-bc03-s1-033;3;1;469;672;0;0.01
HeatPump-bc03-s1-034;3;1;255;672;0;0.56
HeatPump-bc03-s1-035;3;2;405;672;0;0.15
HeatPump-bc03-s1-036;3;2;362;672;0;0.38
HeatPump-bc03-s1-037;3;1;637;672;0;0.58
HeatPump-bc03-s1-038;3;1;448;672;0;0.36
HeatPump-bc03-s1-039;3;2;607;672;0;0.39
HeatPump-bc03-s1-040;3;2;446;672;0;0.31
HeatPump-bc03-s1-041;3;2;591;672;0;0.28
HeatPump-bc03-s1-042;3;2;196;672;0;0.06
HeatPump-bc03-s1-043;3;1;635;672;0;0.21
HeatPump-bc03-s1-044;3;1;80;672;0;0.36
HeatPump-bc03-s1-045;3;2;447;672;0;0.38
HeatPump-bc03-s1-046;3;2;237;672;0;0.09
HeatPump-bc03-s1-047;3;1;120;672;0;0.22
HeatPump-bc03-s1-048;3;2;305;672;0;0.27
HeatPump-bc03-s1-049;3;1;179;672;0;0.34
HeatPump-bc03-s1-050;3;2;333;672;0;0.17
HeatPump-bc03-s1-051;3;2;260;672;0;0.25
HeatPump-bc03-s1-052;3;1;417;672;0;0.08
HeatPump-bc03-s1-053;3;2;670;672;0;0.41
HeatPump-bc03-s1-054;3;2;342;672;0;0.07
HeatPump-bc03-s1-055;3;2;212;672;0;0.08
HeatPump-bc03-s1-056;3;1;295;672;0;0.22
HeatPump-bc03-s1-057;3;2;538;672;0;0.07
HeatPump-bc03-s1-058;3;1;228;672;0;0.03
HeatPump-bc03-s1-059;3;1;532;672;0;0.34
HeatPump-bc03-s1-060;3;1;626;672;0;0.06
HeatPump-bc03-s1-061;3;2;201;672;0;0.18
HeatPump-bc03-s1-062;3;1;278;672;0;0.34
HeatPump-bc03-s1-063;3;1;313;672;0;0.87
HeatPump-bc03-s1-064;3;2;569;672;0;0.37
HeatPump-bc03-s1-065;3;1;316;672;0;0.18
HeatPump-bc03-s1-066;3;1;547;672;0;0.02
HeatPump-bc03-s1-067;3;1;149;672;0;0.87
HeatPump-bc03-s1-068;3;2;106;672;0;0.32
HeatPump-bc03-s1-069;3;2;581;672;0;0.36
HeatPump-bc03-s1-070;3;2;229;672;0;0.82
HeatPump-bc03-s1-071;3;1;441;672;0;0.28
HeatPump-bc03-s1-072;3;2;379;672;0;0.01
HeatPump-bc03-s1-073;3;1;582;672;0;0.32
HeatPump-bc03-s1-074;3;2;216;672;0;0.0
HeatPump-bc03-s1-075;3;1;387;672;0;0.34
HeatPump-bc03-s1-076;3;1;313;672;0;0.46
HeatPump-bc03-s1-077;3;1;138;672;0;0.13
HeatPump-bc03-s1-078;3;2;272;672;0;0.51
HeatPump-bc03-s1-079;3;2;264;672;0;0.2
HeatPump-bc03-s1-080;3;1;109;672;0;0.06
HeatPump-bc03-s1-081;3;2;557;672;0;0.37
HeatPump-bc03-s1-082;3;2;360;672;0;0.32
HeatPump-bc03-s1-083;3;1;110;672;0;0.24
HeatPump-bc03-s1-084;3;1;421;672;0;0.18
HeatPump-bc03-s1-085;3;2;354;672;0;0.04
HeatPump-bc03-s1-086;3;2;516;672;0;0.07
HeatPump-bc03-s1-087;3;2;362;672;0;0.32
HeatPump-bc03-s1-088;3;2;614;672;0;0.16
HeatPump-bc03-s1-089;3;2;490;672;0;0.01
HeatPump-bc03-s1-090;3;1;147;672;0;0.01
HeatPump-bc03-s1-091;3;2;534;672;0;0.23
HeatPump-bc03-s1-092;3;2;122;672;0;0.22
HeatPump-bc03-s1-093;3;1;368;672;0;0.02
HeatPump-bc03-s1-094;3;1;137;672;0;0.16
HeatPump-bc03-s1-095;3;2;645;672;0;0.06
HeatPump-bc03-s1-096;3;1;563;672;0;0.05
HeatPump-bc03-s1-097;3;1;465;672;0;0.31
HeatPump-bc03-s1-098;3;1;513;672;0;0.26
HeatPump-bc03-s1-099;3;1;399;672;0;0.15
HeatPump-bc04-s0-000;4;0;0;0;0;0.0
HeatPump-bc04-s1-000;4;1;267;672;0;0.15
HeatPump-bc04-s1-001;4;2;26;672;0;0.37
HeatPump-bc04-s1-002;4;1;320;672;0;0.03
HeatPump-bc04-s1-003;4;2;481;672;0;0.15
HeatPump-bc04-s1-004;4;1;363;672;0;0.05
HeatPump-bc04-s1-005;4;1;24;672;0;0.05
HeatPump-bc04-s1-006;4;2;600;672;0;0.15
HeatPump-bc04-s1-007;4;2;486;672;0;0.1
HeatPump-bc04-s1-008;4;2;427;672;0;0.17
HeatPump-bc04-s1-009;4;2;9;672;0;0.5
HeatPump-bc04-s1-010;4;2;382;672;0;0.12
HeatPump-bc04-s1-011;4;2;395;672;0;0.41
HeatPump-bc04-s1-012;4;2;502;672;0;0.21
HeatPump-bc04-s1-013;4;2;583;672;0;0.43
HeatPump-bc04-s1-014;4;2;580;672;0;0.01
HeatPump-bc04-s1-015;4;1;607;672;0;0.4
HeatPump-bc04-s1-016;4;1;476;672;0;0.04
HeatPump-bc04-s1-017;4;1;414;672;0;0.45
HeatPump-bc04-s1-018;4;1;320;672;0;0.19
HeatPump-bc04-s1-019;4;2;474;672;0;0.01
HeatPump-bc04-s1-020;4;1;145;672;0;0.01
HeatPump-bc04-s1-021;4;2;482;672;0;0.12
HeatPump-bc04-s1-022;4;2;135;672;0;0.24
HeatPump-bc04-s1-023;4;1;396;672;0;0.12
HeatPump-bc04-s1-024;4;1;284;672;0;0.19
HeatPump-bc04-s1-025;4;1;22;672;0;0.02
HeatPump-bc04-s1-026;4;1;244;672;0;0.04
HeatPump-bc04-s1-027;4;2;566;672;0;0.19
HeatPump-bc04-s1-028;4;2;324;672;0;0.13
HeatPump-bc04-s1-029;4;1;60;672;0;0.92
HeatPump-bc04-s1-030;4;2;194;672;0;0.03
HeatPump-bc04-s1-031;4;2;206;672;0;0.3
HeatPump-bc04-s1-032;4;2;343;672;0;0.38
HeatPump-bc04-s1-033;4;1;27;672;0;0.47
HeatPump-bc04-s1-034;4;1;88;672;0;0.05
HeatPump-bc04-s1-035;4;1;332;672;0;0.17
HeatPump-bc04-s1-036;4;1;70;672;0;0.13
HeatPump-bc04-s1-037;4;1;481;672;0;0.05
HeatPump-bc04-s1-038;4;2;544;672;0;0.59
HeatPump-bc04-s1-039;4;2;316;672;0;0.32
HeatPump-bc04-s1-040;4;1;515;672;0;0.05
HeatPump-bc04-s1-041;4;2;59;672;0;0.36
HeatPump-bc04-s1-042;4;1;647;672;0;0.1
HeatPump-bc04-s1-043;4;2;487;672;0;0.09
HeatPump-bc04-s1-044;4;1;597;672;0;0.66
HeatPump-bc04-s1-045;4;2;155;672;0;0.21
HeatPump-bc04-s1-046;4;1;362;672;0;0.11
HeatPump-bc04-s1-047;4;2;460;672;0;0.42
HeatPump-bc04-s1-048;4;2;2;672;0;0.38
HeatPump-bc04-s1-049;4;1;193;672;0;0.13
HeatPump-bc04-s1-050;4;1;71;672;0;0.48
HeatPump-bc04-s1-051;4;2;276;672;0;0.06
HeatPump-bc04-s1-052;4;2;26;672;0;0.49
HeatPump-bc04-s1-053;4;2;122;672;0;0.57
HeatPump-bc04-s1-054;4;1;144;672;0;0.15
HeatPump-bc04-s1-055;4;2;516;672;0;0.02
HeatPump-bc04-s1-056;4;2;484;672;0;0.04
HeatPump-bc04-s1-057;4;2;421;672;0;0.12
HeatPump-bc04-s1-058;4;1;159;672;0;0.15
HeatPump-bc04-s1-059;4;2;504;672;0;0.01
HeatPump-bc04-s1-060;4;2;416;672;0;0.07
HeatPump-bc04-s1-061;4;1;127;672;0;0.01
HeatPump-bc04-s1-062;4;2;485;672;0;0.02
HeatPump-bc04-s1-063;4;2;344;672;0;0.24
HeatPump-bc04-s1-064;4;1;348;672;0;0.05
HeatPump-bc04-s1-065;4;1;191;672;0;0.45
HeatPump-bc04-s1-066;4;1;436;672;0;0.02
HeatPump-bc04-s1-067;4;2;5;672;0;0.08
HeatPump-bc04-s1-068;4;2;216;672;0;0.28
HeatPump-bc04-s1-069;4;2;227;672;0;0.34
HeatPump-bc04-s1-070;4;2;283;672;0;0.25
HeatPump-bc04-s1-071;4;1;640;672;0;0.1
HeatPump-bc04-s1-072;4;1;419;672;0;0.2
HeatPump-bc04-s1-073;4;2;275;672;0;0.39
HeatPump-bc04-s1-074;4;1;278;672;0;0.18
HeatPump-bc04-s1-075;4;1;24;672;0;0.13
HeatPump-bc04-s1-076;4;1;459;672;0;0.46
HeatPump-bc04-s1-077;4;2;221;672;0;0.12
HeatPump-bc04-s1-078;4;2;374;672;0;0.26
HeatPump-bc04-s1-079;4;1;131;672;0;0.48
HeatPump-bc04-s1-080;4;2;394;672;0;0.21
HeatPump-bc04-s1-081;4;1;570;672;0;0.31
HeatPump-bc04-s1-082;4;1;535;672;0;0.05
HeatPump-bc04-s1-083;4;1;367;672;0;0.62
HeatPump-bc04-s1-084;4;1;68;672;0;0.34
HeatPump-bc04-s1-085;4;2;205;672;0;0.05
HeatPump-bc04-s1-086;4;1;662;672;0;0.3
HeatPump-bc04-s1-087;4;1;87;672;0;0.26
HeatPump-bc04-s1-088;4;1;651;672;0;0.29
HeatPump-bc04-s1-089;4;1;272;672;0;0.1
HeatPump-bc04-s1-090;4;1;128;672;0;0.18
HeatPump-bc04-s1-091;4;1;648;672;0;0.07
HeatPump-bc04-s1-092;4;2;178;672;0;0.54
HeatPump-bc04-s1-093;4;1;304;672;0;0.26
HeatPump-bc04-s1-094;4;1;196;672;0;0.05
HeatPump-bc04-s1-095;4;1;169;672;0;0.32
HeatPump-bc04-s1-096;4;1;391;672;0;0.11
HeatPump-bc04-s1-097;4;1;132;672;0;0.49
HeatPump-bc04-s1-098;4;2;118;672;0;0.16
HeatPump-bc04-s1-099;4;2;267;672;0;0.16
HeatPump-bc05-s0-000;5;0;0;0;0;0.0
HeatPump-bc05-s1-000;5;1;599;672;0;0.42
HeatPump-bc05-s1-001;5;1;223;672;0;0.05
HeatPump-bc05-s1-002;5;1;88;672;0;0.05
HeatPump-bc05-s1-003;5;1;410;672;0;0.16
HeatPump-bc05-s1-004;5;1;580;672;0;0.55
HeatPump-bc05-s1-005;5;1;287;672;0;0.37
HeatPump-bc05-s1-006;5;1;419;672;0;0.21
HeatPump-bc05-s1-007;5;2;637;672;0;0.13
HeatPump-bc05-s1-008;5;1;315;672;0;0.36
HeatPump-bc05-s1-009;5;1;476;672;0;0.09
HeatPump-bc05-s1-010;5;2;556;672;0;0.25
HeatPump-bc05-s1-011;5;1;601;672;0;0.52
HeatPump-bc05-s1-012;5;1;15;672;0;0.18
HeatPump-bc05-s1-013;5;2;585;672;0;0.12
HeatPump-bc05-s1-014;5;1;658;672;0;0.21
HeatPump-bc05-s1-015;5;2;631;672;0;0.07
HeatPump-bc05-s1-016;5;2;503;672;0;0.06
HeatPump-bc05-s1-017;5;1;161;672;0;0.08
HeatPump-bc05-s1-018;5;1;60;672;0;0.2
HeatPump-bc05-s1-019;5;1;330;672;0;0.3
HeatPump-bc05-s1-020;5;2;636;672;0;0.17
HeatPump-bc05-s1-021;5;2;441;672;0;0.5
HeatPump-bc05-s1-022;5;1;624;672;0;0.09
HeatPump-bc05-s1-023;5;2;570;672;0;0.21
HeatPump-bc05-s1-024;5;1;388;672;0;0.14
HeatPump-bc05-s1-025;5;2;163;672;0;0.34
HeatPump-bc05-s1-026;5;1;308;672;0;0.31
HeatPump-bc05-s1-027;5;1;368;672;0;0.81
HeatPump-bc05-s1-028;5;2;628;672;0;0.25
HeatPump-bc05-s1-029;5;1;350;672;0;0.57
HeatPump-bc05-s1-030;5;1;494;672;0;0.03
HeatPump-bc05-s1-031;5;2;306;672;0;0.01
HeatPump-bc05-s1-032;5;2;665;672;0;0.05
HeatPump-bc05-s1-033;5;1;118;672;0;0.04
HeatPump-bc05-s1-034;5;2;647;672;0;0.15
HeatPump-bc05-s1-035;5;2;157;672;0;0.09
HeatPump-bc05-s1-036;5;1;328;672;0;0.18
HeatPump-bc05-s1-037;5;1;501;672;0;0.28
HeatPump-bc05-s1-038;5;1;143;672;0;0.52
HeatPump-bc05-s1-039;5;1;161;672;0;0.31
HeatPump-bc05-s1-040;5;1;153;672;0;0.01
HeatPump-bc05-s1-041;5;2;149;672;0;0.03
HeatPump-bc05-s1-042;5;2;379;672;0;0.25
HeatPump-bc05-s1-043;5;1;484;672;0;0.37
HeatPump-bc05-s1-044;5;1;348;672;0;0.35
HeatPump-bc05-s1-045;5;2;55;672;0;0.15
HeatPump-bc05-s1-046;5;2;454;672;0;0.01
HeatPump-bc05-s1-047;5;1;11;672;0;0.17
HeatPump-bc05-s1-048;5;2;57;672;0;0.16
HeatPump-bc05-s1-049;5;1;98;672;0;0.53
HeatPump-bc05-s1-050;5;1;424;672;0;0.17
HeatPump-bc05-s1-051;5;1;500;672;0;0.21
HeatPump-bc05-s1-052;5;2;268;672;0;0.03
HeatPump-bc05-s1-053;5;1;450;672;0;0.12
HeatPump-bc05-s1-054;5;2;293;672;0;0.37
HeatPump-bc05-s1-055;5;1;455;672;0;0.05
HeatPump-bc05-s1-056;5;2;35;672;0;0.19
HeatPump-bc05-s1-057;5;2;193;672;0;0.04
HeatPump-bc05-s1-058;5;1;378;672;0;0.47
HeatPump-bc05-s1-059;5;1;567;672;0;0.39
HeatPump-bc05-s1-060;5;1;344;672;0;0.11
HeatPump-bc05-s1-061;5;2;417;672;0;0.37
HeatPump-bc05-s1-062;5;1;451;672;0;0.49
HeatPump-bc05-s1-063;5;1;462;672;0;0.23
HeatPump-bc05-s1-064;5;1;1;672;0;0.13
HeatPump-bc05-s1-065;5;1;118;672;0;0.36
HeatPump-bc05-s1-066;5;1;174;672;0;0.02
HeatPump-bc05-s1-067;5;2;406;672;0;0.13
HeatPump-bc05-s1-068;5;2;141;672;0;0.34
HeatPump-bc05-s1-069;5;1;399;672;0;0.19
HeatPump-bc05-s1-070;5;1;528;672;0;0.36
HeatPump-bc05-s1-071;5;1;231;672;0;0.14
HeatPump-bc05-s1-072;5;2;445;672;0;0.36
HeatPump-bc05-s1-073;5;1;11;672;0;0.46
HeatPump-bc05-s1-074;5;1;212;672;0;0.32
HeatPump-bc05-s1-075;5;2;145;672;0;0.09
HeatPump-bc05-s1-076;5;2;129;672;0;0.68
HeatPump-bc05-s1-077;5;1;558;672;0;0.28
HeatPump-bc05-s1-078;5;2;610;672;0;0.39
HeatPump-bc05-s1-079;5;1;192;672;0;0.21
HeatPump-bc05-s1-080;5;1;327;672;0;0.12
HeatPump-bc05-s1-081;5;2;615;672;0;0.16
HeatPump-bc05-s1-082;5;1;68;672;0;0.17
HeatPump-bc05-s1-083;5;2;650;672;0;0.29
HeatPump-bc05-s1-084;5;1;470;672;0;0.16
HeatPump-bc05-s1-085;5;2;86;672;0;0.13
HeatPump-bc05-s1-086;5;2;491;672;0;0.5
HeatPump-bc05-s1-087;5;2;557;672;0;0.09
HeatPump-bc05-s1-088;5;2;123;672;0;0.78
HeatPump-bc05-s1-089;5;1;252;672;0;0.15
HeatPump-bc05-s1-090;5;2;579;672;0;0.39
HeatPump-bc05-s1-091;5;1;580;672;0;0.56
HeatPump-bc05-s1-092;5;2;57;672;0;0.0
HeatPump-bc05-s1-093;5;1;416;672;0;0.3
HeatPump-bc05-s1-094;5;1;517;672;0;0.26
HeatPump-bc05-s1-095;5;1;600;672;0;0.29
HeatPump-bc05-s1-096;5;2;25;672;0;0.16
HeatPump-bc05-s1-097;5;1;271;672;0;0.4
HeatPump-bc05-s1-098;5;1;457;672;0;0.17
HeatPump-bc05-s1-099;5;1;491;672;0;0.37
HeatPump-bc06-s0-000;6;0;0;0;0;0.0
HeatPump-bc06-s1-000;6;2;39;672;0;0.0
HeatPump-bc06-s1-001;6;1;282;672;0;0.1
HeatPump-bc06-s1-002;6;2;573;672;0;0.11
HeatPump-bc06-s1-003;6;1;69;672;0;0.12
HeatPump-bc06-s1-004;6;2;627;672;0;0.19
HeatPump-bc06-s1-005;6;2;259;672;0;0.12
HeatPump-bc06-s1-006;6;2;318;672;0;0.13
HeatPump-bc06-s1-007;6;2;513;672;0;0.27
HeatPump-bc06-s1-008;6;1;243;672;0;0.15
HeatPump-bc06-s1-009;6;1;640;672;0;0.54
HeatPump-bc06-s1-010;6;1;261;672;0;0.52
HeatPump-bc06-s1-011;6;1;671;672;0;0.19
HeatPump-bc06-s1-012;6;1;331;672;0;0.14
HeatPump-bc06-s1-013;6;1;598;672;0;0.28
HeatPump-bc06-s1-014;6;1;222;672;0;0.12
HeatPump-bc06-s1-015;6;2;51;672;0;0.29
HeatPump-bc06-s1-016;6;2;27;672;0;0.03
HeatPump-bc06-s1-017;6;2;8;672;0;0.18
HeatPump-bc06-s1-018;6;1;638;672;0;0.74
HeatPump-bc06-s1-019;6;1;253;672;0;0.24
HeatPump-bc06-s1-020;6;2;27;672;0;0.19
HeatPump-bc06-s1-021;6;2;388;672;0;0.56
HeatPump-bc06-s1-022;6;2;278;672;0;0.35
HeatPump-bc06-s1-023;6;2;168;672;0;0.6
HeatPump-bc06-s1-024;6;1;194;672;0;0.09
HeatPump-bc06-s1-025;6;1;548;672;0;0.44
HeatPump-bc06-s1-026;6;2;299;672;0;0.01
HeatPump-bc06-s1-027;6;1;200;672;0;0.21
HeatPump-bc06-s1-028;6;1;643;672;0;0.27
HeatPump-bc06-s1-029;6;1;249;672;0;0.1
HeatPump-bc06-s1-030;6;1;287;672;0;0.02
HeatPump-bc06-s1-031;6;1;576;672;0;0.22
HeatPump-bc06-s1-032;6;2;317;672;0;0.63
HeatPump-bc06-s1-033;6;2;614;672;0;0.3
HeatPump-bc06-s1-034;6;1;478;672;0;0.13
HeatPump-bc06-s1-035;6;1;258;672;0;0.67
HeatPump-bc06-s1-036;6;1;140;672;0;0.18
HeatPump-bc06-s1-037;6;2;366;672;0;0.03
HeatPump-bc06-s1-038;6;1;173;672;0;0.21
HeatPump-bc06-s1-039;6;1;183;672;0;0.15
HeatPump-bc06-s1-040;6;2;502;672;0;0.32
HeatPump-bc06-s1-041;6;1;452;672;0;0.63
HeatPump-bc06-s1-042;6;1;588;672;0;0.04
HeatPump-bc06-s1-043;6;1;565;672;0;0.27
HeatPump-bc06-s1-044;6;1;179;672;0;0.17
HeatPump-bc06-s1-045;6;2;578;672;0;0.3
HeatPump-bc06-s1-046;6;1;326;672;0;0.18
HeatPump-bc06-s1-047;6;1;408;672;0;0.45
HeatPump-bc06-s1-048;6;1;580;672;0;0.43
HeatPump-bc06-s1-049;6;1;27;672;0;0.15
HeatPump-bc06-s1-050;6;2;602;672;0;0.35
HeatPump-bc06-s1-051;6;1;319;672;0;0.21
HeatPump-bc06-s1-052;6;1;529;672;0;0.04
HeatPump-bc06-s1-053;6;2;636;672;0;0.5
HeatPump-bc06-s1-054;6;1;570;672;0;0.28
HeatPump-bc06-s1-055;6;2;197;672;0;0.67
HeatPump-bc06-s1-056;6;2;113;672;0;0.09
HeatPump-bc06-s1-057;6;2;391;672;0;0.05
HeatPump-bc06-s1-058;6;2;32;672;0;0.28
HeatPump-bc06-s1-059;6;1;239;672;0;0.0
HeatPump-bc06-s1-060;6;1;494;672;0;0.01
HeatPump-bc06-s1-061;6;2;522;672;0;0.28
HeatPump-bc06-s1-062;6;1;416;672;0;0.06
HeatPump-bc06-s1-063;6;2;44;672;0;0.02
HeatPump-bc06-s1-064;6;1;112;672;0;0.23
HeatPump-bc06-s1-065;6;2;53;672;0;0.06
HeatPump-bc06-s1-066;6;1;91;672;0;0.02
HeatPump-bc06-s1-067;6;1;67;672;0;0.39
HeatPump-bc06-s1-068;6;2;1;672;0;0.57
HeatPump-bc06-s1-069;6;2;567;672;0;0.06
HeatPump-bc06-s1-070;6;2;193;672;0;0.08
HeatPump-bc06-s1-071;6;2;242;672;0;0.21
HeatPump-bc06-s1-072;6;1;595;672;0;0.03
HeatPump-bc06-s1-073;6;1;604;672;0;0.47
HeatPump-bc06-s1-074;6;1;490;672;0;0.05
HeatPump-bc06-s1-075;6;1;211;672;0;0.29
HeatPump-bc06-s1-076;6;1;284;672;0;0.4
HeatPump-bc06-s1-077;6;2;517;672;0;0.51
HeatPump-bc06-s1-078;6;1;546;672;0;0.19
HeatPump-bc06-s1-079;6;1;133;672;0;0.09
HeatPump-bc06-s1-080;6;2;478;672;0;0.22
HeatPump-bc06-s1-081;6;1;471;672;0;0.28
HeatPump-bc06-s1-082;6;2;523;672;0;0.65
HeatPump-bc06-s1-083;6;1;195;672;0;0.28
HeatPump-bc06-s1-084;6;1;304;672;0;0.16
HeatPump-bc06-s1-085;6;2;570;672;0;0.04
HeatPump-bc06-s1-086;6;2;336;672;0;0.02
HeatPump-bc06-s1-087;6;2;327;672;0;0.11
HeatPump-bc06-s1-088;6;1;96;672;0;0.02
HeatPump-bc06-s1-089;6;2;648;672;0;0.03
HeatPump-bc06-s1-090;6;2;595;672;0;0.04
HeatPump-bc06-s1-091;6;1;23;672;0;0.07
HeatPump-bc06-s1-092;6;1;58;672;0;0.15
HeatPump-bc06-s1-093;6;2;44;672;0;0.26
HeatPump-bc06-s1-094;6;1;484;672;0;0.32
HeatPump-bc06-s1-095;6;2;399;672;0;0.21
HeatPump-bc06-s1-096;6;1;338;672;0;0.03
HeatPump-bc06-s1-097;6;2;519;672;0;0.28
HeatPump-bc06-s1-098;6;2;301;672;0;0.03
HeatPump-bc06-s1-099;6;1;4;672;0;0.44
HeatPump-bc07-s0-000;7;0;0;0;0;0.0
HeatPump-bc07-s1-000;7;1;447;672;0;0.46
HeatPump-bc07-s1-001;7;1;14;672;0;0.15
HeatPump-bc07-s1-002;7;1;239;672;0;0.58
HeatPump-bc07-s1-003;7;1;209;672;0;0.09
HeatPump-bc07-s1-004;7;2;73;672;0;0.24
HeatPump-bc07-s1-005;7;2;373;672;0;0.39
HeatPump-bc07-s1-006;7;2;533;672;0;0.21
HeatPump-bc07-s1-007;7;1;227;672;0;0.68
HeatPump-bc07-s1-008;7;1;535;672;0;0.14
HeatPump-bc07-s1-009;7;1;618;672;0;0.09
HeatPump-bc07-s1-010;7;1;166;672;0;0.34
HeatPump-bc07-s1-011;7;2;665;672;0;0.49
HeatPump-bc07-s1-012;7;2;309;672;0;0.29
HeatPump-bc07-s1-013;7;2;135;672;0;0.47
HeatPump-bc07-s1-014;7;2;391;672;0;0.05
HeatPump-bc07-s1-015;7;1;81;672;0;0.21
HeatPump-bc07-s1-016;7;1;94;672;0;0.05
HeatPump-bc07-s1-017;7;2;212;672;0;0.35
HeatPump-bc07-s1-018;7;2;482;672;0;0.52
HeatPump-bc07-s1-019;7;2;165;672;0;0.25
HeatPump-bc07-s1-020;7;1;557;672;0;0.09
HeatPump-bc07-s1-021;7;2;266;672;0;0.25
HeatPump-bc07-s1-022;7;2;561;672;0;0.14
HeatPump-bc07-s1-023;7;1;521;672;0;0.38
HeatPump-bc07-s1-024;7;1;7;672;0;0.46
HeatPump-bc07-s1-025;7;2;659;672;0;0.21
HeatPump-bc07-s1-026;7;1;264;672;0;0.12
HeatPump-bc07-s1-027;7;2;630;672;0;0.74
HeatPump-bc07-s1-028;7;2;622;672;0;0.28
HeatPump-bc07-s1-029;7;2;41;672;0;0.15
HeatPump-bc07-s1-030;7;1;235;672;0;0.54
HeatPump-bc07-s1-031;7;2;623;672;0;0.02
HeatPump-bc07-s1-032;7;2;131;672;0;0.05
HeatPump-bc07-s1-033;7;1;451;672;0;0.17
HeatPump-bc07-s1-034;7;1;317;672;0;0.07
HeatPump-bc07-s1-035;7;2;535;672;0;0.31
HeatPump-bc07-s1-036;7;1;512;672;0;0.17
HeatPump-bc07-s1-037;7;2;375;672;0;0.02
HeatPump-bc07-s1-038;7;2;420;672;0;0.34
HeatPump-bc07-s1-039;7;2;323;672;0;0.05
HeatPump-bc07-s1-040;7;2;398;672;0;0.23
HeatPump-bc07-s1-041;7;2;175;672;0;0.02
HeatPump-bc07-s1-042;7;2;21;672;0;0.27
HeatPump-bc07-s1-043;7;1;527;672;0;0.57
HeatPump-bc07-s1-044;7;2;372;672;0;0.34
HeatPump-bc07-s1-045;7;2;86;672;0;0.58
HeatPump-bc07-s1-046;7;2;17;672;0;0.33
HeatPump-bc07-s1-047;7;1;527;672;0;0.04
HeatPump-bc07-s1-048;7;2;350;672;0;0.1
HeatPump-bc07-s1-049;7;2;9;672;0;0.4
HeatPump-bc07-s1-050;7;2;137;672;0;0.17
HeatPump-bc07-s1-051;7;2;569;672;0;0.26
HeatPump-bc07-s1-052;7;1;620;672;0;0.4
HeatPump-bc07-s1-053;7;1;629;672;0;0.03
HeatPump-bc07-s1-054;7;2;186;672;0;0.25
HeatPump-bc07-s1-055;7;1;156;672;0;0.17
HeatPump-bc07-s1-056;7;2;211;672;0;0.31
HeatPump-bc07-s1-057;7;2;81;672;0;0.28
HeatPump-bc07-s1-058;7;1;526;672;0;0.35
HeatPump-bc07-s1-059;7;2;493;672;0;0.28
HeatPump-bc07-s1-060;7;2;571;672;0;0.08
HeatPump-bc07-s1-061;7;2;138;672;0;0.08
HeatPump-bc07-s1-062;7;2;358;672;0;0.12
HeatPump-bc07-s1-063;7;2;151;672;0;0.47
HeatPump-bc07-s1-064;7;2;43;672;0;0.02
HeatPump-bc07-s1-065;7;2;218;672;0;0.25
HeatPump-bc07-s1-066;7;2;447;672;0;0.24
HeatPump-bc07-s1-067;7;1;56;672;0;0.17
HeatPump-bc07-s1-068;7;2;269;672;0;0.44
HeatPump-bc07-s1-069;7;1;309;672;0;0.2
HeatPump-bc07-s1-070;7;2;507;672;0;0.54
HeatPump-bc07-s1-071;7;1;589;672;0;0.4
HeatPump-bc07-s1-072;7;1;75;672;0;0.19
HeatPump-bc07-s1-073;7;2;546;672;0;0.1
HeatPump-bc07-s1-074;7;1;615;672;0;0.14
HeatPump-bc07-s1-075;7;2;49;672;0;0.24
HeatPump-bc07-s1-076;7;2;533;672;0;0.16
HeatPump-bc07-s1-077;7;1;247;672;0;0.11
HeatPump-bc07-s1-078;7;1;166;672;0;0.07
HeatPump-bc07-s1-079;7;2;511;672;0;0.28
HeatPump-bc07-s1-080;7;2;614;672;0;0.12
HeatPump-bc07-s1-081;7;2;229;672;0;0.41
HeatPump-bc07-s1-082;7;1;271;672;0;0.19
HeatPump-bc07-s1-083;7;2;339;672;0;0.23
HeatPump-bc07-s1-084;7;2;540;672;0;0.13
HeatPump-bc07-s1-085;7;1;225;672;0;0.22
HeatPump-bc07-s1-086;7;2;478;672;0;0.31
HeatPump-bc07-s1-087;7;2;595;672;0;0.23
HeatPump-bc07-s1-088;7;2;160;672;0;0.14
HeatPump-bc07-s1-089;7;1;284;672;0;0.27
HeatPump-bc07-s1-090;7;2;0;672;0;0.15
HeatPump-bc07-s1-091;7;1;563;672;0;0.09
HeatPump-bc07-s1-092;7;1;33;672;0;0.04
HeatPump-bc07-s1-093;7;2;38;672;0;0.31
HeatPump-bc07-s1-094;7;2;483;672;0;0.75
HeatPump-bc07-s1-095;7;1;234;672;0;0.72
HeatPump-bc07-s1-096;7;2;215;672;0;0.02
HeatPump-bc07-s1-097;7;1;567;672;0;0.29
HeatPump-bc07-s1-098;7;2;60;672;0;0.05
HeatPump-bc07-s1-099;7;2;631;672;0;0.23
HeatPump-bc08-s0-000;8;0;0;0;0;0.0
HeatPump-bc08-s1-000;8;1;312;672;0;0.32
HeatPump-bc08-s1-001;8;1;1;672;0;0.05
HeatPump-bc08-s1-002;8;2;221;672;0;0.3
HeatPump-bc08-s1-003;8;1;350;672;0;0.23
HeatPump-bc08-s1-004;8;1;383;672;0;0.19
HeatPump-bc08-s1-005;8;1;18;672;0;0.32
HeatPump-bc08-s1-006;8;1;553;672;0;0.38
HeatPump-bc08-s1-007;8;1;154;672;0;0.66
HeatPump-bc08-s1-008;8;1;556;672;0;0.36
HeatPump-bc08-s1-009;8;2;196;672;0;0.1
HeatPump-bc08-s1-010;8;2;671;672;0;0.26
HeatPump-bc08-s1-011;8;2;238;672;0;0.02
HeatPump-bc08-s1-012;8;1;551;672;0;0.25
HeatPump-bc08-s1-013;8;1;511;672;0;0.06
HeatPump-bc08-s1-014;8;1;68;672;0;0.14
HeatPump-bc08-s1-015;8;2;343;672;0;0.0
HeatPump-bc08-s1-016;8;1;315;672;0;0.03
HeatPump-bc08-s1-017;8;1;356;672;0;0.06
HeatPump-bc08-s1-018;8;2;481;672;0;0.45
HeatPump-bc08-s1-019;8;2;414;672;0;0.13
HeatPump-bc08-s1-020;8;2;558;672;0;0.25
HeatPump-bc08-s1-021;8;2;203;672;0;0.44
HeatPump-bc08-s1-022;8;2;248;672;0;0.43
HeatPump-bc08-s1-023;8;1;184;672;0;0.31
HeatPump-bc08-s1-024;8;2;187;672;0;0.11
HeatPump-bc08-s1-025;8;1;282;672;0;0.21
HeatPump-bc08-s1-026;8;1;618;672;0;0.39
HeatPump-bc08-s1-027;8;2;481;672;0;0.02
HeatPump-bc08-s1-028;8;1;61;672;0;0.3
HeatPump-bc08-s1-029;8;1;127;672;0;0.3
HeatPump-bc08-s1-030;8;2;507;672;0;0.02
HeatPump-bc08-s1-031;8;1;101;672;0;0.23
HeatPump-bc08-s1-032;8;2;478;672;0;0.01
HeatPump-bc08-s1-033;8;2;413;672;0;0.19
HeatPump-bc08-s1-034;8;1;181;672;0;0.61
HeatPump-bc08-s1-035;8;1;19;672;0;0.16
HeatPump-bc08-s1-036;8;2;493;672;0;0.45
HeatPump-bc08-s1-037;8;1;610;672;0;0.27
HeatPump-bc08-s1-038;8;1;110;672;0;0.13
HeatPump-bc08-s1-039;8;1;624;672;0;0.5
HeatPump-bc08-s1-040;8;2;644;672;0;0.43
HeatPump-bc08-s1-041;8;1;478;672;0;0.45
HeatPump-bc08-s1-042;8;1;390;672;0;0.31
HeatPump-bc08-s1-043;8;1;428;672;0;0.62
HeatPump-bc08-s1-044;8;2;92;672;0;0.01
HeatPump-bc08-s1-045;8;1;30;672;0;0.46
HeatPump-bc08-s1-046;8;2;348;672;0;0.44
HeatPump-bc08-s1-047;8;1;136;672;0;0.17
HeatPump-bc08-s1-048;8;1;128;672;0;0.11
HeatPump-bc08-s1-049;8;1;389;672;0;0.24
HeatPump-bc08-s1-050;8;1;319;672;0;0.26
HeatPump-bc08-s1-051;8;1;237;672;0;0.04
HeatPump-bc08-s1-052;8;2;362;672;0;0.39
HeatPump-bc08-s1-053;8;2;374;672;0;0.06
HeatPump-bc08-s1-054;8;1;56;672;0;0.45
HeatPump-bc08-s1-055;8;2;612;672;0;0.1
HeatPump-bc08-s1-056;8;1;437;672;0;0.0
HeatPump-bc08-s1-057;8;2;152;672;0;0.41
HeatPump-bc08-s1-058;8;1;8;672;0;0.2
HeatPump-bc08-s1-059;8;1;664;672;0;0.02
HeatPump-bc08-s1-060;8;1;193;672;0;0.09
HeatPump-bc08-s1-061;8;2;218;672;0;0.18
HeatPump-bc08-s1-062;8;2;232;672;0;0.17
HeatPump-bc08-s1-063;8;2;0;672;0;0.39
HeatPump-bc08-s1-064;8;2;472;672;0;0.43
HeatPump-bc08-s1-065;8;2;0;672;0;0.12
HeatPump-bc08-s1-066;8;2;293;672;0;0.42
HeatPump-bc08-s1-067;8;1;67;672;0;0.18
HeatPump-bc08-s1-068;8;2;492;672;0;0.11
HeatPump-bc08-s1-069;8;1;52;672;0;0.37
HeatPump-bc08-s1-070;8;2;116;672;0;0.2
HeatPump-bc08-s1-071;8;2;325;672;0;0.24
HeatPump-bc08-s1-072;8;2;467;672;0;0.18
HeatPump-bc08-s1-073;8;2;409;672;0;0.25
HeatPump-bc08-s1-074;8;2;280;672;0;0.26
HeatPump-bc08-s1-075;8;2;213;672;0;0.01
HeatPump-bc08-s1-076;8;1;497;672;0;0.52
HeatPump-bc08-s1-077;8;1;559;672;0;0.53
HeatPump-bc08-s1-078;8;2;204;672;0;0.15
HeatPump-bc08-s1-079;8;1;363;672;0;0.15
HeatPump-bc08-s1-080;8;2;456;672;0;0.23
HeatPump-bc08-s1-081;8;1;184;672;0;0.06
HeatPump-bc08-s1-082;8;1;124;672;0;0.24
HeatPump-bc08-s1-083;8;1;405;672;0;0.04
HeatPump-bc08-s1-084;8;2;522;672;0;0.4
HeatPump-bc08-s1-085;8;1;360;672;0;0.19
HeatPump-bc08-s1-086;8;2;135;672;0;0.09
HeatPump-bc08-s1-087;8;1;232;672;0;0.16
HeatPump-bc08-s1-088;8;2;459;672;0;0.41
HeatPump-bc08-s1-089;8;1;189;672;0;0.11
HeatPump-bc08-s1-090;8;2;575;672;0;0.32
HeatPump-bc08-s1-091;8;1;352;672;0;0.3
HeatPump-bc08-s1-092;8;2;90;672;0;0.03
HeatPump-bc08-s1-093;8;1;525;672;0;0.35
HeatPump-bc08-s1-094;8;2;150;672;0;0.27
HeatPump-bc08-s1-095;8;2;427;672;0;0.05
HeatPump-bc08-s1-096;8;1;177;672;0;0.38
HeatPump-bc08-s1-097;8;1;423;672;0;0.2
HeatPump-bc08-s1-098;8;1;522;672;0;0.05
HeatPump-bc08-s1-099;8;1;448;672;0;0.02
HeatPump-bc09-s0-000;9;0;0;0;0;0.0
HeatPump-bc09-s1-000;9;1;65;672;0;0.38
HeatPump-bc09-s1-001;9;1;171;672;0;0.19
HeatPump-bc09-s1-002;9;2;38;672;0;0.05
HeatPump-bc09-s1-003;9;1;101;672;0;0.03
HeatPump-bc09-s1-004;9;2;532;672;0;0.06
HeatPump-bc09-s1-005;9;2;288;672;0;0.52
HeatPump-bc09-s1-006;9;1;223;672;0;0.04
HeatPump-bc09-s1-007;9;1;479;672;0;0.39
HeatPump-bc09-s1-008;9;1;56;672;0;0.29
HeatPump-bc09-s1-009;9;2;106;672;0;0.1
HeatPump-bc09-s1-010;9;1;572;672;0;0.13
HeatPump-bc09-s1-011;9;2;648;672;0;0.37
HeatPump-bc09-s1-012;9;2;495;672;0;0.33
HeatPump-bc09-s1-013;9;2;127;672;0;0.27
HeatPump-bc09-s1-014;9;2;517;672;0;0.03
HeatPump-bc09-s1-015;9;1;608;672;0;0.03
HeatPump-bc09-s1-016;9;2;474;672;0;0.39
HeatPump-bc09-s1-017;9;2;442;672;0;0.14
HeatPump-bc09-s1-018;9;1;530;672;0;0.31
HeatPump-bc09-s1-019;9;1;128;672;0;0.44
HeatPump-bc09-s1-020;9;2;135;672;0;0.33
HeatPump-bc09-s1-021;9;1;491;672;0;0.06
HeatPump-bc09-s1-022;9;1;37;672;0;0.13
HeatPump-bc09-s1-023;9;2;457;672;0;0.5
HeatPump-bc09-s1-024;9;1;281;672;0;0.28
HeatPump-bc09-s1-025;9;2;0;672;0;0.33
HeatPump-bc09-s1-026;9;1;282;672;0;0.39
HeatPump-bc09-s1-027;9;2;215;672;0;0.08
HeatPump-bc09-s1-028;9;2;669;672;0;0.29
HeatPump-bc09-s1-029;9;1;258;672;0;0.12
HeatPump-bc09-s1-030;9;2;475;672;0;0.0
HeatPump-bc09-s1-031;9;1;666;672;0;0.35
HeatPump-bc09-s1-032;9;2;667;672;0;0.29
HeatPump-bc09-s1-033;9;1;590;672;0;0.17
HeatPump-bc09-s1-034;9;1;131;672;0;0.15
HeatPump-bc09-s1-035;9;1;145;672;0;0.46
HeatPump-bc09-s1-036;9;2;641;672;0;0.04
HeatPump-bc09-s1-037;9;1;260;672;0;0.13
HeatPump-bc09-s1-038;9;2;558;672;0;0.17
HeatPump-bc09-s1-039;9;1;605;672;0;0.26
HeatPump-bc09-s1-040;9;2;517;672;0;0.01
HeatPump-bc09-s1-041;9;2;574;672;0;0.02
HeatPump-bc09-s1-042;9;1;423;672;0;0.08
HeatPump-bc09-s1-043;9;2;488;672;0;0.05
HeatPump-bc09-s1-044;9;1;240;672;0;0.08
HeatPump-bc09-s1-045;9;2;540;672;0;0.18
HeatPump-bc09-s1-046;9;1;136;672;0;0.05
HeatPump-bc09-s1-047;9;2;211;672;0;0.03
HeatPump-bc09-s1-048;9;2;497;672;0;0.03
HeatPump-bc09-s1-049;9;2;66;672;0;0.04
HeatPump-bc09-s1-050;9;1;359;672;0;0.37
HeatPump-bc09-s1-051;9;2;367;672;0;0.19
HeatPump-bc09-s1-052;9;1;85;672;0;0.06
HeatPump-bc09-s1-053;9;2;599;672;0;0.05
HeatPump-bc09-s1-054;9;1;172;672;0;0.06
HeatPump-bc09-s1-055;9;1;267;672;0;0.04
HeatPump-bc09-s1-056;9;1;304;672;0;0.03
HeatPump-bc09-s1-057;9;1;140;672;0;0.33
HeatPump-bc09-s1-058;9;2;186;672;0;0.2
HeatPump-bc09-s1-059;9;1;400;672;0;0.12
HeatPump-bc09-s1-060;9;1;471;672;0;0.26
HeatPump-bc09-s1-061;9;2;378;672;0;0.42
HeatPump-bc09-s1-062;9;1;36;672;0;0.25
HeatPump-bc09-s1-063;9;1;511;672;0;0.17
HeatPump-bc09-s1-064;9;1;595;672;0;0.07
HeatPump-bc09-s1-065;9;1;214;672;0;0.12
HeatPump-bc09-s1-066;9;2;480;672;0;0.36
HeatPump-bc09-s1-067;9;2;211;672;0;0.3
HeatPump-bc09-s1-068;9;1;405;672;0;0.09
HeatPump-bc09-s1-069;9;2;319;672;0;0.35
HeatPump-bc09-s1-070;9;1;220;672;0;0.1
HeatPump-bc09-s1-071;9;1;261;672;0;0.29
HeatPump-bc09-s1-072;9;1;448;672;0;0.08
HeatPump-bc09-s1-073;9;2;419;672;0;0.2
HeatPump-bc09-s1-074;9;1;394;672;0;0.21
HeatPump-bc09-s1-075;9;2;376;672;0;0.12
HeatPump-bc09-s1-076;9;1;90;672;0;0.45
HeatPump-bc09-s1-077;9;1;129;672;0;0.5
HeatPump-bc09-s1-078;9;1;148;672;0;0.1
HeatPump-bc09-s1-079;9;2;338;672;0;0.5
HeatPump-bc09-s1-080;9;2;56;672;0;0.15
HeatPump-bc09-s1-081;9;2;449;672;0;0.28
HeatPump-bc09-s1-082;9;2;651;672;0;0.18
HeatPump-bc09-s1-083;9;1;528;672;0;0.01
HeatPump-bc09-s1-084;9;1;363;672;0;0.27
HeatPump-bc09-s1-085;9;2;279;672;0;0.04
HeatPump-bc09-s1-086;9;1;483;672;0;0.28
HeatPump-bc09-s1-087;9;1;595;672;0;0.43
HeatPump-bc09-s1-088;9;1;12;672;0;0.1
HeatPump-bc09-s1-089;9;1;63;672;0;0.14
HeatPump-bc09-s1-090;9;1;511;672;0;0.8
HeatPump-bc09-s1-091;9;2;212;672;0;0.06
HeatPump-bc09-s1-092;9;1;210;672;0;0.06
HeatPump-bc09-s1-093;9;1;391;672;0;0.18
HeatPump-bc09-s1-094;9;1;25;672;0;0.21
HeatPump-bc09-s1-095;9;1;299;672;0;0.32
HeatPump-bc09-s1-096;9;1;595;672;0;0.32
HeatPump-bc09-s1-097;9;1;481;672;0;0.3
HeatPump-bc09-s1-098;9;1;43;672;0;0.04
HeatPump-bc09-s1-099;9;1;82;672;0;0.38
HeatPump-bc10-s0-000;10;0;0;0;0;0.0
HeatPump-bc10-s1-000;10;1;347;672;0;0.1
HeatPump-bc10-s1-001;10;1;98;672;0;0.05
HeatPump-bc10-s1-002;10;1;611;672;0;0.04
HeatPump-bc10-s1-003;10;1;30;672;0;0.07
HeatPump-bc10-s1-004;10;1;444;672;0;0.04
HeatPump-bc10-s1-005;10;2;639;672;0;0.15
HeatPump-bc10-s1-006;10;1;101;672;0;0.15
HeatPump-bc10-s1-007;10;2;234;672;0;0.28
HeatPump-bc10-s1-008;10;1;381;672;0;0.33
HeatPump-bc10-s1-009;10;1;180;672;0;0.09
HeatPump-bc10-s1-010;10;2;548;672;0;0.04
HeatPump-bc10-s1-011;10;1;425;672;0;0.35
HeatPump-bc10-s1-012;10;2;384;672;0;0.19
HeatPump-bc10-s1-013;10;1;420;672;0;0.24
HeatPump-bc10-s1-014;10;1;90;672;0;0.34
HeatPump-bc10-s1-015;10;1;25;672;0;0.45
HeatPump-bc10-s1-016;10;1;206;672;0;0.51
HeatPump-bc10-s1-017;10;2;369;672;0;0.07
HeatPump-bc10-s1-018;10;1;243;672;0;0.38
HeatPump-bc10-s1-019;10;1;418;672;0;0.08
HeatPump-bc10-s1-020;10;2;15;672;0;0.12
HeatPump-bc10-s1-021;10;1;581;672;0;0.1
HeatPump-bc10-s1-022;10;2;297;672;0;0.15
HeatPump-bc10-s1-023;10;2;225;672;0;0.29
HeatPump-bc10-s1-024;10;2;351;672;0;0.27
HeatPump-bc10-s1-025;10;2;308;672;0;0.16
HeatPump-bc10-s1-026;10;1;353;672;0;0.06
HeatPump-bc10-s1-027;10;1;286;672;0;0.36
HeatPump-bc10-s1-028;10;2;211;672;0;0.44
HeatPump-bc10-s1-029;10;2;357;672;0;0.06
HeatPump-bc10-s1-030;10;2;84;672;0;0.01
HeatPump-bc10-s1-031;10;2;491;672;0;0.1
HeatPump-bc10-s1-032;10;1;516;672;0;0.15
HeatPump-bc10-s1-033;10;2;230;672;0;0.32
HeatPump-bc10-s1-034;10;2;61;672;0;0.21
HeatPump-bc10-s1-035;10;1;103;672;0;0.07
HeatPump-bc10-s1-036;10;2;563;672;0;0.19
HeatPump-bc10-s1-037;10;2;462;672;0;0.39
HeatPump-bc10-s1-038;10;2;317;672;0;0.11
HeatPump-bc10-s1-039;10;2;506;672;0;0.36
HeatPump-bc10-s1-040;10;1;466;672;0;0.11
HeatPump-bc10-s1-041;10;2;225;672;0;0.12
HeatPump-bc10-s1-042;10;1;106;672;0;0.24
HeatPump-bc10-s1-043;10;2;313;672;0;0.27
HeatPump-bc10-s1-044;10;1;658;672;0;0.33
HeatPump-bc10-s1-045;10;1;515;672;0;0.19
HeatPump-bc10-s1-046;10;1;117;672;0;0.25
HeatPump-bc10-s1-047;10;2;360;672;0;0.1
HeatPump-bc10-s1-048;10;1;660;672;0;0.01
HeatPump-bc10-s1-049;10;2;84;672;0;0.21
HeatPump-bc10-s1-050;10;2;524;672;0;0.24
HeatPump-bc10-s1-051;10;1;464;672;0;0.06
HeatPump-bc10-s1-052;10;2;30;672;0;0.31
HeatPump-bc10-s1-053;10;1;255;672;0;0.22
HeatPump-bc10-s1-054;10;2;664;672;0;0.18
HeatPump-bc10-s1-055;10;1;231;672;0;0.55
HeatPump-bc10-s1-056;10;2;563;672;0;0.38
HeatPump-bc10-s1-057;10;2;340;672;0;0.05
HeatPump-bc10-s1-058;10;1;172;672;0;0.14
HeatPump-bc10-s1-059;10;2;489;672;0;0.08
HeatPump-bc10-s1-060;10;1;329;672;0;0.15
HeatPump-bc10-s1-061;10;1;95;672;0;0.33
HeatPump-bc10-s1-062;10;1;432;672;0;0.15
HeatPump-bc10-s1-063;10;2;471;672;0;0.16
HeatPump-bc10-s1-064;10;1;32;672;0;0.02
HeatPump-bc10-s1-065;10;2;655;672;0;0.45
HeatPump-bc10-s1-066;10;2;324;672;0;0.4
HeatPump-bc10-s1-067;10;2;182;672;0;0.3
HeatPump-bc10-s1-068;10;1;206;672;0;0.09
HeatPump-bc10-s1-069;10;2;564;672;0;0.08
HeatPump-bc10-s1-070;10;2;91;672;0;0.11
HeatPump-bc10-s1-071;10;2;247;672;0;0.26
HeatPump-bc10-s1-072;10;2;373;672;0;0.31
HeatPump-bc10-s1-073;10;1;321;672;0;0.42
HeatPump-bc10-s1-074;10;1;286;672;0;0.4
HeatPump-bc10-s1-075;10;1;526;672;0;0.25
HeatPump-bc10-s1-076;10;2;626;672;0;0.25
HeatPump-bc10-s1-077;10;2;547;672;0;0.05
HeatPump-bc10-s1-078;10;1;544;672;0;0.44
HeatPump-bc10-s1-079;10;1;563;672;0;0.39
HeatPump-bc10-s1-080;10;2;411;672;0;0.07
HeatPump-bc10-s1-081;10;1;527;672;0;0.22
HeatPump-bc10-s1-082;10;1;671;672;0;0.18
HeatPump-bc10-s1-083;10;1;613;672;0;0.09
HeatPump-bc10-s1-084;10;1;483;672;0;0.05
HeatPump-bc10-s1-085;10;1;328;672;0;0.6
HeatPump-bc10-s1-086;10;1;175;672;0;0.05
HeatPump-bc10-s1-087;10;2;269;672;0;0.3
HeatPump-bc10-s1-088;10;1;284;672;0;0.53
HeatPump-bc10-s1-089;10;2;234;672;0;0.07
HeatPump-bc10-s1-090;10;2;297;672;0;0.26
HeatPump-bc10-s1-091;10;1;135;672;0;0.01
HeatPump-bc10-s1-092;10;1;282;672;0;0.19
HeatPump-bc10-s1-093;10;1;158;672;0;0.23
HeatPump-bc10-s1-094;10;2;521;672;0;0.5
HeatPump-bc10-s1-095;10;1;84;672;0;0.51
HeatPump-bc10-s1-096;10;2;369;672;0;0.18
HeatPump-bc10-s1-097;10;2;643;672;0;0.24
HeatPump-bc10-s1-098;10;1;334;672;0;0.01
HeatPump-bc10-s1-099;10;2;104;672;0;0.02
HeatPump-bc11-s0-000;11;0;0;0;0;0.0
HeatPump-bc11-s1-000;11;1;560;672;0;0.11
HeatPump-bc11-s1-001;11;1;555;672;0;0.29
HeatPump-bc11-s1-002;11;1;12;672;0;0.02
HeatPump-bc11-s1-003;11;1;420;672;0;0.4
HeatPump-bc11-s1-004;11;1;414;672;0;0.12
HeatPump-bc11-s1-005;11;2;239;672;0;0.12
HeatPump-bc11-s1-006;11;2;656;672;0;0.18
HeatPump-bc11-s1-007;11;1;619;672;0;0.26
HeatPump-bc11-s1-008;11;1;181;672;0;0.31
HeatPump-bc11-s1-009;11;1;246;672;0;0.0
HeatPump-bc11-s1-010;11;2;330;672;0;0.17
HeatPump-bc11-s1-011;11;1;613;672;0;0.21
HeatPump-bc11-s1-012;11;2;266;672;0;0.22
HeatPump-bc11-s1-013;11;2;525;672;0;0.33
HeatPump-bc11-s1-014;11;1;39;672;0;0.07
HeatPump-bc11-s1-015;11;1;355;672;0;0.19
HeatPump-bc11-s1-016;11;1;461;672;0;0.16
HeatPump-bc11-s1-017;11;1;357;672;0;0.1
HeatPump-bc11-s1-018;11;2;605;672;0;0.59
HeatPump-bc11-s1-019;11;2;365;672;0;0.15
HeatPump-bc11-s1-020;11;1;594;672;0;0.09
HeatPump-bc11-s1-021;11;2;95;672;0;0.04
HeatPump-bc11-s1-022;11;2;137;672;0;0.21
HeatPump-bc11-s1-023;11;2;71;672;0;0.02
HeatPump-bc11-s1-024;11;1;576;672;0;0.07
HeatPump-bc11-s1-025;11;2;389;672;0;0.3
HeatPump-bc11-s1-026;11;1;619;672;0;0.47
HeatPump-bc11-s1-027;11;1;263;672;0;0.07
HeatPump-bc11-s1-028;11;1;256;672;0;0.44
HeatPump-bc11-s1-029;11;2;398;672;0;0.51
HeatPump-bc11-s1-030;11;2;256;672;0;0.15
HeatPump-bc11-s1-031;11;1;129;672;0;0.71
HeatPump-bc11-s1-032;11;1;602;672;0;0.03
HeatPump-bc11-s1-033;11;2;67;672;0;0.23
HeatPump-bc11-s1-034;11;1;21;672;0;0.17
HeatPump-bc11-s1-035;11;2;215;672;0;0.17
HeatPump-bc11-s1-036;11;2;584;672;0;0.11
HeatPump-bc11-s1-037;11;2;245;672;0;0.33
HeatPump-bc11-s1-038;11;1;447;672;0;0.15
HeatPump-bc11-s1-039;11;1;389;672;0;0.08
HeatPump-bc11-s1-040;11;2;629;672;0;0.32
HeatPump-bc11-s1-041;11;2;126;672;0;0.07
HeatPump-bc11-s1-042;11;1;0;672;0;0.54
HeatPump-bc11-s1-043;11;2;550;672;0;0.08
HeatPump-bc11-s1-044;11;1;242;672;0;0.38
HeatPump-bc11-s1-045;11;2;34;672;0;0.01
HeatPump-bc11-s1-046;11;1;240;672;0;0.31
HeatPump-bc11-s1-047;11;1;48;672;0;0.45
HeatPump-bc11-s1-048;11;1;334;672;0;0.29
HeatPump-bc11-s1-049;11;2;551;672;0;0.12
HeatPump-bc11-s1-050;11;1;568;672;0;0.13
HeatPump-bc11-s1-051;11;2;425;672;0;0.16
HeatPump-bc11-s1-052;11;1;225;672;0;0.48
HeatPump-bc11-s1-053;11;2;120;672;0;0.19
HeatPump-bc11-s1-054;11;1;81;672;0;0.16
HeatPump-bc11-s1-055;11;1;577;672;0;0.14
HeatPump-bc11-s1-056;11;2;533;672;0;0.16
HeatPump-bc11-s1-057;11;2;371;672;0;0.06
HeatPump-bc11-s1-058;11;1;56;672;0;0.04
HeatPump-bc11-s1-059;11;2;125;672;0;0.1
HeatPump-bc11-s1-060;11;1;432;672;0;0.14
HeatPump-bc11-s1-061;11;2;294;672;0;0.25
HeatPump-bc11-s1-062;11;2;261;672;0;0.22
HeatPump-bc11-s1-063;11;1;501;672;0;0.04
HeatPump-bc11-s1-064;11;1;192;672;0;0.22
HeatPump-bc11-s1-065;11;2;546;672;0;0.48
HeatPump-bc11-s1-066;11;1;542;672;0;0.43
HeatPump-bc11-s1-067;11;1;583;672;0;0.09
HeatPump-bc11-s1-068;11;1;544;672;0;0.39
HeatPump-bc11-s1-069;11;2;139;672;0;0.01
HeatPump-bc11-s1-070;11;1;230;672;0;0.1
HeatPump-bc11-s1-071;11;2;207;672;0;0.04
HeatPump-bc11-s1-072;11;1;649;672;0;0.01
HeatPump-bc11-s1-073;11;2;260;672;0;0.37
HeatPump-bc11-s1-074;11;2;378;672;0;0.21
HeatPump-bc11-s1-075;11;1;182;672;0;0.12
HeatPump-bc11-s1-076;11;1;111;672;0;0.32
HeatPump-bc11-s1-077;11;1;643;672;0;0.51
HeatPump-bc11-s1-078;11;1;306;672;0;0.32
HeatPump-bc11-s1-079;11;1;390;672;0;0.15
HeatPump-bc11-s1-080;11;2;196;672;0;0.24
HeatPump-bc11-s1-081;11;2;486;672;0;0.02
HeatPump-bc11-s1-082;11;2;90;672;0;0.02
HeatPump-bc11-s1-083;11;1;11;672;0;0.12
HeatPump-bc11-s1-084;11;2;625;672;0;0.32
HeatPump-bc11-s1-085;11;2;189;672;0;0.08
HeatPump-bc11-s1-086;11;1;476;672;0;0.03
HeatPump-bc11-s1-087;11;1;307;672;0;0.18
HeatPump-bc11-s1-088;11;2;230;672;0;0.2
HeatPump-bc11-s1-089;11;1;530;672;0;0.1
HeatPump-bc11-s1-090;11;1;435;672;0;0.02
HeatPump-bc11-s1-091;11;1;235;672;0;0.25
HeatPump-bc11-s1-092;11;1;465;672;0;0.28
HeatPump-bc11-s1-093;11;2;287;672;0;0.07
HeatPump-bc11-s1-094;11;1;351;672;0;0.14
HeatPump-bc11-s1-095;11;2;438;672;0;0.06
HeatPump-bc11-s1-096;11;1;403;672;0;0.36
HeatPump-bc11-s1-097;11;1;574;672;0;0.56
HeatPump-bc11-s1-098;11;1;497;672;0;0.51
HeatPump-bc11-s1-099;11;1;393;672;0;0.28
HeatPump-bc12-s0-000;12;0;0;0;0;0.0
HeatPump-bc12-s1-000;12;2;196;672;0;0.15
HeatPump-bc12-s1-001;12;1;271;672;0;0.15
HeatPump-bc12-s1-002;12;2;163;672;0;0.77
HeatPump-bc12-s1-003;12;2;365;672;0;0.25
HeatPump-bc12-s1-004;12;1;66;672;0;0.31
HeatPump-bc12-s1-005;12;2;284;672;0;0.23
HeatPump-bc12-s1-006;12;1;422;672;0;0.41
HeatPump-bc12-s1-007;12;1;147;672;0;0.54
HeatPump-bc12-s1-008;12;1;355;672;0;0.15
HeatPump-bc12-s1-009;12;1;235;672;0;0.6
HeatPump-bc12-s1-010;12;1;213;672;0;0.21
HeatPump-bc12-s1-011;12;1;485;672;0;0.1
HeatPump-bc12-s1-012;12;2;344;672;0;0.69
HeatPump-bc12-s1-013;12;2;102;672;0;0.23
HeatPump-bc12-s1-014;12;2;475;672;0;0.1
HeatPump-bc12-s1-015;12;2;580;672;0;0.14
HeatPump-bc12-s1-016;12;1;513;672;0;0.06
HeatPump-bc12-s1-017;12;1;271;672;0;0.06
HeatPump-bc12-s1-018;12;2;430;672;0;0.45
HeatPump-bc12-s1-019;12;1;305;672;0;0.25
HeatPump-bc12-s1-020;12;2;664;672;0;0.03
HeatPump-bc12-s1-021;12;2;312;672;0;0.07
HeatPump-bc12-s1-022;12;1;136;672;0;0.52
HeatPump-bc12-s1-023;12;1;420;672;0;0.23
HeatPump-bc12-s1-024;12;2;52;672;0;0.48
HeatPump-bc12-s1-025;12;1;439;672;0;0.24
HeatPump-bc12-s1-026;12;2;221;672;0;0.0
HeatPump-bc12-s1-027;12;2;531;672;0;0.33
HeatPump-bc12-s1-028;12;1;559;672;0;0.63
HeatPump-bc12-s1-029;12;2;448;672;0;0.08
HeatPump-bc12-s1-030;12;1;110;672;0;0.03
HeatPump-bc12-s1-031;12;2;226;672;0;0.13
HeatPump-bc12-s1-032;12;2;119;672;0;0.08
HeatPump-bc12-s1-033;12;1;609;672;0;0.56
HeatPump-bc12-s1-034;12;1;75;672;0;0.02
HeatPump-bc12-s1-035;12;2;313;672;0;0.12
HeatPump-bc12-s1-036;12;1;614;672;0;0.24
HeatPump-bc12-s1-037;12;1;28;672;0;0.23
HeatPump-bc12-s1-038;12;1;147;672;0;0.31
HeatPump-bc12-s1-039;12;2;582;672;0;0.3
HeatPump-bc12-s1-040;12;1;496;672;0;0.12
HeatPump-bc12-s1-041;12;2;298;672;0;0.3
HeatPump-bc12-s1-042;12;1;62;672;0;0.44
HeatPump-bc12-s1-043;12;1;399;672;0;0.13
HeatPump-bc12-s1-044;12;1;179;672;0;0.84
HeatPump-bc12-s1-045;12;2;276;672;0;0.09
HeatPump-bc12-s1-046;12;2;366;672;0;0.68
HeatPump-bc12-s1-047;12;1;91;672;0;0.15
HeatPump-bc12-s1-048;12;2;211;672;0;0.2
HeatPump-bc12-s1-049;12;2;320;672;0;0.14
HeatPump-bc12-s1-050;12;2;564;672;0;0.55
HeatPump-bc12-s1-051;12;2;125;672;0;0.71
HeatPump-bc12-s1-052;12;2;446;672;0;0.64
HeatPump-bc12-s1-053;12;1;124;672;0;0.34
HeatPump-bc12-s1-054;12;2;67;672;0;0.46
HeatPump-bc12-s1-055;12;1;646;672;0;0.15
HeatPump-bc12-s1-056;12;1;56;672;0;0.06
HeatPump-bc12-s1-057;12;1;493;672;0;0.24
HeatPump-bc12-s1-058;12;2;448;672;0;0.04
HeatPump-bc12-s1-059;12;2;119;672;0;0.62
HeatPump-bc12-s1-060;12;2;108;672;0;0.53
HeatPump-bc12-s1-061;12;2;657;672;0;0.27
HeatPump-bc12-s1-062;12;2;297;672;0;0.05
HeatPump-bc12-s1-063;12;1;521;672;0;0.04
HeatPump-bc12-s1-064;12;2;586;672;0;0.62
HeatPump-bc12-s1-065;12;1;427;672;0;0.18
HeatPump-bc12-s1-066;12;2;571;672;0;0.14
HeatPump-bc12-s1-067;12;2;412;672;0;0.3
HeatPump-bc12-s1-068;12;1;25;672;0;0.23
HeatPump-bc12-s1-069;12;1;560;672;0;0.21
HeatPump-bc12-s1-070;12;1;390;672;0;0.13
HeatPump-bc12-s1-071;12;1;462;672;0;0.18
HeatPump-bc12-s1-072;12;2;71;672;0;0.45
HeatPump-bc12-s1-073;12;1;432;672;0;0.18
HeatPump-bc12-s1-074;12;1;221;672;0;0.22
HeatPump-bc12-s1-075;12;2;245;672;0;0.32
HeatPump-bc12-s1-076;12;2;319;672;0;0.59
HeatPump-bc12-s1-077;12;2;132;672;0;0.3
HeatPump-bc12-s1-078;12;2;57;672;0;0.35
HeatPump-bc12-s1-079;12;2;560;672;0;0.59
HeatPump-bc12-s1-080;12;2;249;672;0;0.11
HeatPump-bc12-s1-081;12;1;216;672;0;0.4
HeatPump-bc12-s1-082;12;2;247;672;0;0.2
HeatPump-bc12-s1-083;12;2;130;672;0;0.48
HeatPump-bc12-s1-084;12;1;426;672;0;0.4
HeatPump-bc12-s1-085;12;1;305;672;0;0.17
HeatPump-bc12-s1-086;12;1;220;672;0;0.07
HeatPump-bc12-s1-087;12;2;37;672;0;0.34
HeatPump-bc12-s1-088;12;1;598;672;0;0.14
HeatPump-bc12-s1-089;12;1;254;672;0;0.43
HeatPump-bc12-s1-090;12;2;618;672;0;0.07
HeatPump-bc12-s1-091;12;1;65;672;0;0.27
HeatPump-bc12-s1-092;12;2;525;672;0;0.46
HeatPump-bc12-s1-093;12;2;258;672;0;0.09
HeatPump-bc12-s1-094;12;1;595;672;0;0.39
HeatPump-bc12-s1-095;12;2;558;672;0;0.82
HeatPump-bc12-s1-096;12;1;400;672;0;0.41
HeatPump-bc12-s1-097;12;2;96;672;0;0.01
HeatPump-bc12-s1-098;12;2;163;672;0;0.22
HeatPump-bc12-s1-099;12;1;651;672;0;0.33
